{
	"__credit": "Generated using Animated Java (https://animated-java.dev/)",
	"textures": {
		"0": "minecraft:item/chaos"
	},
	"elements": [
		{
			"faces": {
				"north": {"uv": [7.25, 8.75, 7.625, 9.25], "texture": "#0"},
				"east": {"uv": [7.125, 2.875, 8.625, 3.375], "texture": "#0"},
				"south": {"uv": [9, 0.75, 9.375, 1.25], "texture": "#0"},
				"west": {"uv": [7.125, 3.375, 8.625, 3.875], "texture": "#0"},
				"up": {"uv": [5.875, 9.75, 5.5, 8.25], "texture": "#0"},
				"down": {"uv": [6.25, 8.25, 5.875, 9.75], "texture": "#0"}
			},
			"to": [4.02, 1.64, 9.28],
			"from": [2.82, 0.04, 4.48],
			"rotation": {"angle": 0, "axis": "y", "origin": [8.02, 0.04, 6.08]}
		},
		{
			"faces": {
				"north": {"uv": [3, 3.75, 6.25, 4.25], "texture": "#0"},
				"east": {"uv": [8.375, 0.75, 9, 1.25], "texture": "#0"},
				"south": {"uv": [3, 4.25, 6.25, 4.75], "texture": "#0"},
				"west": {"uv": [1.25, 8.375, 1.875, 8.875], "texture": "#0"},
				"up": {"uv": [6.25, 0.625, 3, 0], "texture": "#0"},
				"down": {"uv": [6.25, 0.625, 3, 1.25], "texture": "#0"}
			},
			"to": [13.22, 1.64, 11.28],
			"from": [2.82, 0.04, 9.28],
			"rotation": {"angle": 0, "axis": "y", "origin": [8.02, 0.04, 6.08]}
		},
		{
			"faces": {
				"north": {"uv": [3, 3.75, 6.25, 3.875], "texture": "#0"},
				"east": {"uv": [8.375, 0.75, 9, 0.875], "texture": "#0"},
				"south": {"uv": [3, 4.5, 6.25, 4.625], "texture": "#0"},
				"west": {"uv": [1.25, 8.375, 1.875, 8.5], "texture": "#0"},
				"up": {"uv": [6.25, 0.625, 3, 0], "texture": "#0"},
				"down": {"uv": [6.25, 0.625, 3, 1.25], "texture": "#0"}
			},
			"to": [13.22, 2.04, 11.28],
			"from": [2.82, 1.64, 9.28],
			"rotation": {"angle": 0, "axis": "y", "origin": [8.02, 0.04, 6.08]}
		},
		{
			"faces": {
				"north": {"uv": [8.375, 1.25, 9, 1.75], "texture": "#0"},
				"east": {"uv": [7.875, 4.5, 9.25, 5], "texture": "#0"},
				"south": {"uv": [8.375, 7.375, 9, 7.875], "texture": "#0"},
				"west": {"uv": [7.875, 5, 9.25, 5.5], "texture": "#0"},
				"up": {"uv": [7.875, 5.875, 7.25, 4.5], "texture": "#0"},
				"down": {"uv": [7.625, 7.375, 7, 8.75], "texture": "#0"}
			},
			"to": [13.22, 1.64, 9.28],
			"from": [11.22, 0.04, 4.88],
			"rotation": {"angle": 0, "axis": "y", "origin": [8.02, 0.04, 6.08]}
		},
		{
			"faces": {
				"north": {"uv": [4.5, 8.75, 5, 9.25], "texture": "#0"},
				"east": {"uv": [6.25, 1.875, 8.25, 2.375], "texture": "#0"},
				"south": {"uv": [6.25, 8.75, 6.75, 9.25], "texture": "#0"},
				"west": {"uv": [6.25, 2.375, 8.25, 2.875], "texture": "#0"},
				"up": {"uv": [2, 4.75, 1.5, 2.75], "texture": "#0"},
				"down": {"uv": [2, 6.375, 1.5, 8.375], "texture": "#0"}
			},
			"to": [13.22, 6.04, 9.28],
			"from": [11.62, 4.44, 2.88],
			"rotation": {"angle": 0, "axis": "y", "origin": [8.02, 0.04, 6.08]}
		},
		{
			"faces": {
				"north": {"uv": [0.75, 4.75, 4, 5.25], "texture": "#0"},
				"east": {"uv": [8.375, 7.875, 9, 8.375], "texture": "#0"},
				"south": {"uv": [4, 4.75, 7.25, 5.25], "texture": "#0"},
				"west": {"uv": [8.375, 8.375, 9, 8.875], "texture": "#0"},
				"up": {"uv": [6.25, 1.875, 3, 1.25], "texture": "#0"},
				"down": {"uv": [6.25, 1.875, 3, 2.5], "texture": "#0"}
			},
			"to": [13.22, 6.04, 11.28],
			"from": [2.82, 4.44, 9.28],
			"rotation": {"angle": 0, "axis": "y", "origin": [8.02, 0.04, 6.08]}
		},
		{
			"faces": {
				"north": {"uv": [8.625, 2.875, 9.25, 3.375], "texture": "#0"},
				"east": {"uv": [8.125, 3.875, 9.375, 4.375], "texture": "#0"},
				"south": {"uv": [8.625, 3.375, 9.25, 3.875], "texture": "#0"},
				"west": {"uv": [8.25, 1.875, 9.5, 2.375], "texture": "#0"},
				"up": {"uv": [0.625, 8.75, 0, 7.5], "texture": "#0"},
				"down": {"uv": [1.25, 7.5, 0.625, 8.75], "texture": "#0"}
			},
			"to": [4.82, 6.04, 9.28],
			"from": [2.82, 4.44, 5.28],
			"rotation": {"angle": 0, "axis": "y", "origin": [8.02, 0.04, 6.08]}
		},
		{
			"faces": {
				"north": {"uv": [8.75, 6.25, 9.25, 6.75], "texture": "#0"},
				"east": {"uv": [6.25, 4, 8.125, 4.5], "texture": "#0"},
				"south": {"uv": [6.75, 8.75, 7.25, 9.25], "texture": "#0"},
				"west": {"uv": [4.625, 6.375, 6.5, 6.875], "texture": "#0"},
				"up": {"uv": [7, 8.25, 6.5, 6.375], "texture": "#0"},
				"down": {"uv": [5.125, 6.875, 4.625, 8.75], "texture": "#0"}
			},
			"to": [4.42, 10.04, 9.28],
			"from": [2.82, 8.44, 3.28],
			"rotation": {"angle": 0, "axis": "y", "origin": [8.02, 0.04, 6.08]}
		},
		{
			"faces": {
				"north": {"uv": [0.75, 5.25, 4, 5.75], "texture": "#0"},
				"east": {"uv": [0, 8.75, 0.625, 9.25], "texture": "#0"},
				"south": {"uv": [4, 5.25, 7.25, 5.75], "texture": "#0"},
				"west": {"uv": [0.625, 8.75, 1.25, 9.25], "texture": "#0"},
				"up": {"uv": [6.25, 3.125, 3, 2.5], "texture": "#0"},
				"down": {"uv": [6.25, 3.125, 3, 3.75], "texture": "#0"}
			},
			"to": [13.22, 10.04, 11.28],
			"from": [2.82, 8.44, 9.28],
			"rotation": {"angle": 0, "axis": "y", "origin": [8.02, 0.04, 6.08]}
		},
		{
			"faces": {
				"north": {"uv": [8.75, 6.75, 9.25, 7.25], "texture": "#0"},
				"east": {"uv": [7.25, 5.875, 8.75, 6.375], "texture": "#0"},
				"south": {"uv": [1.25, 8.875, 1.75, 9.375], "texture": "#0"},
				"west": {"uv": [2, 7.5, 3.5, 8], "texture": "#0"},
				"up": {"uv": [4, 9, 3.5, 7.5], "texture": "#0"},
				"down": {"uv": [4.5, 7.5, 4, 9], "texture": "#0"}
			},
			"to": [13.22, 10.04, 9.28],
			"from": [11.62, 8.44, 4.48],
			"rotation": {"angle": 0, "axis": "y", "origin": [8.02, 0.04, 6.08]}
		},
		{
			"faces": {
				"north": {"uv": [2, 0, 2.5, 4.75], "texture": "#0"},
				"east": {"uv": [0, 2.75, 0.375, 7.5], "texture": "#0"},
				"south": {"uv": [2.5, 0, 3, 4.75], "texture": "#0"},
				"west": {"uv": [0.375, 2.75, 0.75, 7.5], "texture": "#0"},
				"up": {"uv": [9.5, 1.625, 9, 1.25], "texture": "#0"},
				"down": {"uv": [4, 9, 3.5, 9.375], "texture": "#0"}
			},
			"to": [8.82, 11.64, 9.28],
			"from": [7.22, -3.56, 8.08],
			"rotation": {"angle": 0, "axis": "y", "origin": [8.02, 0.04, 6.08]}
		}
	],
	"display": {
		"head": {
			"translation": [0, 5.6, 0],
			"scale": [4, 4, 4],
			"rotation": [0, 0, 0]
		}
	}
}