{
	"__credit": "Generated using Animated Java (https://animated-java.dev/)",
	"textures": {
		"0": "minecraft:item/chaos"
	},
	"elements": [
		{
			"faces": {
				"north": {"uv": [7.625, 7.375, 8, 9.375], "texture": "#0"},
				"east": {"uv": [8, 0, 8.375, 2], "texture": "#0"},
				"south": {"uv": [2, 8, 2.375, 10], "texture": "#0"},
				"west": {"uv": [2.375, 8, 2.75, 10], "texture": "#0"},
				"up": {"uv": [9.5, 0.625, 9.125, 0.25], "texture": "#0"},
				"down": {"uv": [8.375, 9.125, 8, 9.5], "texture": "#0"}
			},
			"to": [8.6, 5.4, 8.6],
			"from": [7.4, -1, 7.4],
			"rotation": {"angle": 0, "axis": "y", "origin": [10.6, 5, 3.8]}
		},
		{
			"faces": {
				"north": {"uv": [7.125, 3.875, 8, 4], "texture": "#0"},
				"east": {"uv": [8.125, 4.375, 9.25, 4.5], "texture": "#0"},
				"south": {"uv": [7.875, 5.75, 8.75, 5.875], "texture": "#0"},
				"west": {"uv": [9.125, 0.625, 10.25, 0.75], "texture": "#0"},
				"up": {"uv": [3.75, 7.5, 2.875, 6.375], "texture": "#0"},
				"down": {"uv": [4.625, 6.375, 3.75, 7.5], "texture": "#0"}
			},
			"to": [9.4, -1, 9.8],
			"from": [6.6, -1.4, 6.2],
			"rotation": {"angle": 0, "axis": "y", "origin": [10.6, 5, 3.8]}
		}
	],
	"display": {
		"head": {
			"translation": [0, 5.6, 0],
			"scale": [4, 4, 4],
			"rotation": [0, 0, 0]
		}
	}
}