{
	"__credit": "Generated using Animated Java (https://animated-java.dev/)",
	"textures": {
		"0": "minecraft:item/chaos"
	},
	"elements": [
		{
			"faces": {
				"north": {"uv": [2.75, 8, 3.125, 9.875], "texture": "#0"},
				"east": {"uv": [3.125, 8, 3.5, 9.875], "texture": "#0"},
				"south": {"uv": [8, 7.375, 8.375, 9.25], "texture": "#0"},
				"west": {"uv": [5.125, 8.25, 5.5, 10.125], "texture": "#0"},
				"up": {"uv": [9.375, 8.5, 9, 8.125], "texture": "#0"},
				"down": {"uv": [9.375, 8.5, 9, 8.875], "texture": "#0"}
			},
			"to": [8.6, 5.4, 8.6],
			"from": [7.4, -0.6, 7.4],
			"rotation": {"angle": 0, "axis": "y", "origin": [6.2, 5, 3.8]}
		},
		{
			"faces": {
				"north": {"uv": [6.25, 4.5, 7.125, 4.75], "texture": "#0"},
				"east": {"uv": [8.75, 5.75, 9.875, 6], "texture": "#0"},
				"south": {"uv": [8.375, 8.875, 9.25, 9.125], "texture": "#0"},
				"west": {"uv": [8.75, 6, 9.875, 6.25], "texture": "#0"},
				"up": {"uv": [7.125, 4, 6.25, 2.875], "texture": "#0"},
				"down": {"uv": [2.875, 6.375, 2, 7.5], "texture": "#0"}
			},
			"to": [9.4, -0.6, 9.8],
			"from": [6.6, -1.4, 6.2],
			"rotation": {"angle": 0, "axis": "y", "origin": [6.2, 5, 3.8]}
		}
	],
	"display": {
		"head": {
			"translation": [0, 5.6, 0],
			"scale": [4, 4, 4],
			"rotation": [0, 0, 0]
		}
	}
}