{
	"__credit": "Generated using Animated Java (https://animated-java.dev/)",
	"textures": {
		"0": "minecraft:item/chaos"
	},
	"elements": [
		{
			"faces": {
				"north": {"uv": [1.25, 7.5, 1.5, 7.875], "texture": "#0"},
				"east": {"uv": [0, 0, 0, 0.375], "texture": "#0"},
				"south": {"uv": [1.25, 7.875, 1.5, 8.25], "texture": "#0"},
				"west": {"uv": [0, 0, 0, 0.375], "texture": "#0"},
				"up": {"uv": [0.25, 0, 0, 0], "texture": "#0"},
				"down": {"uv": [0.25, 0, 0, 0], "texture": "#0"}
			},
			"to": [3.31429, 4, 6.05714],
			"from": [2.51429, 2.8, 6.05714],
			"rotation": {"angle": 0, "axis": "y", "origin": [7.71429, 2.8, 7.69714]}
		},
		{
			"faces": {
				"north": {"uv": [4, 9, 4.375, 9.375], "texture": "#0"},
				"east": {"uv": [0, 0, 0, 0.375], "texture": "#0"},
				"south": {"uv": [9, 7.75, 9.375, 8.125], "texture": "#0"},
				"west": {"uv": [0, 0, 0, 0.375], "texture": "#0"},
				"up": {"uv": [0.375, 0, 0, 0], "texture": "#0"},
				"down": {"uv": [0.375, 0, 0, 0], "texture": "#0"}
			},
			"to": [3.71429, 8.4, 6.85714],
			"from": [2.51429, 7.2, 6.85714],
			"rotation": {"angle": 0, "axis": "y", "origin": [7.71429, 2.8, 7.69714]}
		},
		{
			"faces": {
				"north": {"uv": [8.375, 1.75, 8.75, 1.875], "texture": "#0"},
				"east": {"uv": [0, 0, 0, 0.125], "texture": "#0"},
				"south": {"uv": [9.125, 9.125, 9.5, 9.25], "texture": "#0"},
				"west": {"uv": [0, 0, 0, 0.125], "texture": "#0"},
				"up": {"uv": [0.375, 0, 0, 0], "texture": "#0"},
				"down": {"uv": [0.375, 0, 0, 0], "texture": "#0"}
			},
			"to": [12.91429, 11.6, 6.05714],
			"from": [11.71429, 11.2, 6.05714],
			"rotation": {"angle": 0, "axis": "y", "origin": [7.71429, 2.8, 7.69714]}
		},
		{
			"faces": {
				"north": {"uv": [1.75, 8.875, 2, 9.25], "texture": "#0"},
				"east": {"uv": [0, 0, 0, 0.375], "texture": "#0"},
				"south": {"uv": [8.375, 9.125, 8.625, 9.5], "texture": "#0"},
				"west": {"uv": [0, 0, 0, 0.375], "texture": "#0"},
				"up": {"uv": [0.25, 0, 0, 0], "texture": "#0"},
				"down": {"uv": [0.25, 0, 0, 0], "texture": "#0"}
			},
			"to": [12.91429, 4, 6.45714],
			"from": [12.11429, 2.8, 6.45714],
			"rotation": {"angle": 0, "axis": "y", "origin": [7.71429, 2.8, 7.69714]}
		},
		{
			"faces": {
				"north": {"uv": [8.625, 9.125, 8.875, 9.5], "texture": "#0"},
				"east": {"uv": [0, 0, 0, 0.375], "texture": "#0"},
				"south": {"uv": [8.875, 9.125, 9.125, 9.5], "texture": "#0"},
				"west": {"uv": [0, 0, 0, 0.375], "texture": "#0"},
				"up": {"uv": [0.25, 0, 0, 0], "texture": "#0"},
				"down": {"uv": [0.25, 0, 0, 0], "texture": "#0"}
			},
			"to": [7.71429, 7.6, 9.65714],
			"from": [6.91429, 6.4, 9.65714],
			"rotation": {"angle": 0, "axis": "y", "origin": [7.71429, 2.8, 7.69714]}
		},
		{
			"faces": {
				"north": {"uv": [4.5, 7.5, 4.625, 7.875], "texture": "#0"},
				"east": {"uv": [0, 0, 0, 0.375], "texture": "#0"},
				"south": {"uv": [6.375, 7.625, 6.5, 8], "texture": "#0"},
				"west": {"uv": [0, 0, 0, 0.375], "texture": "#0"},
				"up": {"uv": [0.125, 0, 0, 0], "texture": "#0"},
				"down": {"uv": [0.125, 0, 0, 0], "texture": "#0"}
			},
			"to": [8.51429, 4, 9.65714],
			"from": [8.11429, 2.8, 9.65714],
			"rotation": {"angle": 0, "axis": "y", "origin": [7.71429, 2.8, 7.69714]}
		}
	],
	"display": {
		"head": {
			"translation": [0, 5.6, 0],
			"scale": [4, 4, 4],
			"rotation": [0, 0, 0]
		}
	}
}