{
	"__credit": "Generated using Animated Java (https://animated-java.dev/)",
	"textures": {
		"0": "minecraft:custom/door"
	},
	"elements": [
		{
			"faces": {
				"north": {"uv": [5, 0, 13, 1], "texture": "#0"},
				"east": {"uv": [7, 4, 7.5, 5], "texture": "#0"},
				"south": {"uv": [5, 1, 13, 2], "texture": "#0"},
				"west": {"uv": [7, 5, 7.5, 6], "texture": "#0"},
				"up": {"uv": [15, 2.5, 7, 2], "texture": "#0"},
				"down": {"uv": [15, 2.5, 7, 3], "texture": "#0"}
			},
			"to": [11.2, 17.8, 8.4],
			"from": [4.8, 17, 8],
			"rotation": {"angle": 0, "axis": "y", "origin": [8, 5, 8]}
		},
		{
			"faces": {
				"north": {"uv": [5, 1, 13, 2], "rotation": 180, "texture": "#0"},
				"east": {"uv": [7, 4, 7.5, 5], "rotation": 180, "texture": "#0"},
				"south": {"uv": [5, 0, 13, 1], "rotation": 180, "texture": "#0"},
				"west": {"uv": [7, 5, 7.5, 6], "rotation": 180, "texture": "#0"},
				"up": {"uv": [15, 2.5, 7, 3], "texture": "#0"},
				"down": {"uv": [15, 2.5, 7, 2], "texture": "#0"}
			},
			"to": [11.2, 5.8, 8.4],
			"from": [4.8, 5, 8],
			"rotation": {"angle": 0, "axis": "y", "origin": [8, 5, 8]}
		},
		{
			"faces": {
				"north": {"uv": [0, 0, 1.5, 14], "texture": "#0"},
				"east": {"uv": [5, 2, 5.5, 16], "texture": "#0"},
				"south": {"uv": [0, 0, 1.5, 14], "texture": "#0"},
				"west": {"uv": [5.5, 2, 6, 16], "texture": "#0"},
				"up": {"uv": [8.5, 3.5, 7, 3], "texture": "#0"},
				"down": {"uv": [8.5, 3.5, 7, 4], "texture": "#0"}
			},
			"to": [9.6, 17, 8.4],
			"from": [8.4, 5.8, 8],
			"rotation": {"angle": 0, "axis": "y", "origin": [8, 5, 8]}
		},
		{
			"faces": {
				"north": {"uv": [0, 0, 1.5, 14], "texture": "#0"},
				"east": {"uv": [5, 2, 5.5, 16], "texture": "#0"},
				"south": {"uv": [0, 0, 1.5, 14], "texture": "#0"},
				"west": {"uv": [5.5, 2, 6, 16], "texture": "#0"},
				"up": {"uv": [8.5, 3.5, 7, 3], "texture": "#0"},
				"down": {"uv": [8.5, 3.5, 7, 4], "texture": "#0"}
			},
			"to": [7.6, 17, 8.4],
			"from": [6.4, 5.8, 8],
			"rotation": {"angle": 0, "axis": "y", "origin": [7, 11.4, 8.2]}
		},
		{
			"faces": {
				"north": {"uv": [3, 0, 4, 14], "texture": "#0"},
				"east": {"uv": [6, 2, 6.5, 16], "texture": "#0"},
				"south": {"uv": [4, 0, 5, 14], "texture": "#0"},
				"west": {"uv": [6.5, 2, 7, 16], "texture": "#0"},
				"up": {"uv": [8, 6.5, 7, 6], "texture": "#0"},
				"down": {"uv": [8, 6.5, 7, 7], "texture": "#0"}
			},
			"to": [11.2, 17, 8.4],
			"from": [10.4, 5.8, 8],
			"rotation": {"angle": 0, "axis": "y", "origin": [8, 5, 8]}
		},
		{
			"faces": {
				"north": {"uv": [4, 0, 5, 14], "texture": "#0"},
				"east": {"uv": [6.5, 2, 7, 16], "texture": "#0"},
				"south": {"uv": [3, 0, 4, 14], "texture": "#0"},
				"west": {"uv": [6, 2, 6.5, 16], "texture": "#0"},
				"up": {"uv": [8, 6.5, 7, 6], "rotation": 180, "texture": "#0"},
				"down": {"uv": [8, 6.5, 7, 7], "rotation": 180, "texture": "#0"}
			},
			"to": [5.6, 17, 8.4],
			"from": [4.8, 5.8, 8],
			"rotation": {"angle": 0, "axis": "y", "origin": [5.2, 11.4, 8.2]}
		}
	],
	"display": {
		"head": {
			"translation": [0, 5.6, 0],
			"scale": [4, 4, 4],
			"rotation": [0, 0, 0]
		}
	}
}