{
	"__credit": "Generated using Animated Java (https://animated-java.dev/)",
	"textures": {
		"0": "minecraft:item/spider"
	},
	"elements": [
		{
			"faces": {
				"north": {"uv": [1.75, 8, 2.75, 8.5], "texture": "#0"},
				"east": {"uv": [8.75, 2.75, 9.25, 3.25], "texture": "#0"},
				"south": {"uv": [2.75, 8, 3.75, 8.5], "texture": "#0"},
				"west": {"uv": [3.75, 8.75, 4.25, 9.25], "texture": "#0"},
				"up": {"uv": [4.75, 8.5, 3.75, 8], "texture": "#0"},
				"down": {"uv": [5.75, 8, 4.75, 8.5], "texture": "#0"}
			},
			"to": [9.65559, 5.67921, 8.4],
			"from": [7.95559, 4.87921, 7.6],
			"rotation": {"angle": 22.5, "axis": "z", "origin": [9.15559, 4.27921, 8]}
		},
		{
			"faces": {
				"north": {"uv": [5.75, 8, 6.75, 8.5], "texture": "#0"},
				"east": {"uv": [4.25, 8.75, 4.75, 9.25], "texture": "#0"},
				"south": {"uv": [8, 7.5, 9, 8], "texture": "#0"},
				"west": {"uv": [8.75, 5, 9.25, 5.5], "texture": "#0"},
				"up": {"uv": [9, 8.5, 8, 8], "texture": "#0"},
				"down": {"uv": [9.25, 0, 8.25, 0.5], "texture": "#0"}
			},
			"to": [10.2801, 5.06148, 8.3],
			"from": [8.7801, 4.46148, 7.7],
			"rotation": {"angle": -22.5, "axis": "z", "origin": [10.2801, 4.96148, 8]}
		},
		{
			"faces": {
				"north": {"uv": [6.75, 8, 7, 10], "texture": "#0"},
				"east": {"uv": [7, 8, 7.25, 10], "texture": "#0"},
				"south": {"uv": [0.75, 8.5, 1, 10.5], "texture": "#0"},
				"west": {"uv": [1, 8.5, 1.25, 10.5], "texture": "#0"},
				"up": {"uv": [9.5, 8.25, 9.25, 8], "texture": "#0"},
				"down": {"uv": [8.5, 9.25, 8.25, 9.5], "texture": "#0"}
			},
			"to": [10.78478, 5.42154, 8.2],
			"from": [10.38478, 2.42154, 7.8],
			"rotation": {"angle": 22.5, "axis": "z", "origin": [11.38478, 3.72154, 8]}
		}
	],
	"display": {
		"head": {
			"translation": [0, 5.6, 0],
			"scale": [4, 4, 4],
			"rotation": [0, 0, 0]
		}
	}
}