{
    "steam": {
		"sounds": [
			{
				"name": "sounds:steam",
				"stream": true
			}
		],
		"category":"master"
	},
    "light_spirit": {
		"sounds": [
			{
				"name": "sounds:light_spirit",
				"stream": true
			}
		],
		"category":"master"
	},
    "slain": {
		"sounds": [
			{
				"name": "sounds:slain",
				"stream": true
			}
		],
		"category":"master"
	},
    "ambient": {
		"sounds": [
			{
				"name": "sounds:ambient",
				"stream": true
			}
		],
		"category":"master"
	},
    "static": {
		"sounds": [
			{
				"name": "sounds:static",
				"stream": true
			}
		],
		"category":"master"
	},
    "jazz": {
		"sounds": [
			{
				"name": "sounds:jazz",
				"stream": true
			}
		],
		"category":"master"
	},
    "ghost_scream": {
        "sounds": [
            {
                "name": "sounds:ghost_scream",
                "stream": true
            }
        ],
        "category":"master"
    },
    "boo": {
        "sounds": [
            {
                "name": "sounds:boo",
                "stream": true
            }
        ],
        "category":"master"
    },
    "scream": {
        "sounds": [
            {
                "name": "sounds:scream",
                "stream": true
            }
        ],
        "category":"master"
    },
    "switch": {
        "sounds": [
            {
                "name": "sounds:switch",
                "stream": true
            }
        ],
        "category":"master"
    },
    "power_off": {
        "sounds": [
            {
                "name": "sounds:power_off",
                "stream": true
            }
        ],
        "category":"master"
    },
    "breathing": {
        "sounds": [
            {
                "name": "sounds:breathing",
                "stream": true
            }
        ],
        "category":"master"
    },
    "bulb": {
        "sounds": [
            {
                "name": "sounds:bulb",
                "stream": true
            }
        ],
        "category":"master"
    }
}