{
	"block.wool.break": {
		"replace":true,
		"sounds": [
		  "dig/wood1",
		  "dig/wood2",
		  "dig/wood3",
		  "dig/wood4"
		],
		"subtitle": "subtitles.block.generic.break"
	},
	"entity.zombie.hurt": {
		"replace":true,
		"sounds": [
			"blood_slash"
		],
		"subtitle": "subtitles.entity.player.attack.strong"
	  },
	  "entity.zombie.ambient": {
		"replace":true,
		"sounds": []
	  },
	  "entity.zombie.step": {
		"replace":true,
		"sounds": []
	  },
	  "entity.spider.ambient": {
		"replace":true,
		"sounds": []
	  },
	  "entity.spider.step": {
		"replace":true,
		"sounds": []
	  },
	  "item.armor.equip_generic": {
		"replace":true,
		"sounds": []
	  },
	  "item.armor.equip_iron": {
		"replace":true,
		"sounds": []
	  },
	  "item.armor.equip_chain": {
		"replace":true,
		"sounds": []
	  },
	  "item.armor.equip_diamond": {
		"replace":true,
		"sounds": []
	  },
	  "item.armor.equip_leather": {
		"replace":true,
		"sounds": []
	  }
}