{
 "parent": "item/generated",
 "textures": {
    "layer0": "minecraft:item/scute"
 },
 
"overrides":
[
    {
        "predicate":
        {
            "custom_model_data":0
        },
        "model": "item/spirit/evil"
    },
    {
        "predicate":
        {
            "custom_model_data":1
        },
        "model": "item/spirit/neutral"
    },
    {
        "predicate":
        {
            "custom_model_data":2
        },
        "model": "item/spirit/holy"
    }
]
}