{
	"parent": "item/generated",
	"textures": {
		"layer0": "item/black_dye"
	},
	"overrides": [
		{
			"predicate": {
				"custom_model_data": 1
			},
			"model": "minecraft:item/drop/bone"
		},
		{
			"predicate": {
				"custom_model_data": 2
			},
			"model": "minecraft:item/drop/bone2"
		},
		{
			"predicate": {
				"custom_model_data": 3
			},
			"model": "minecraft:item/drop/bone4"
		},
		{
			"predicate": {
				"custom_model_data": 4
			},
			"model": "minecraft:item/drop/bone5"
		},
		{
			"predicate": {
				"custom_model_data": 5
			},
			"model": "minecraft:item/drop/bone3"
		},
		{
			"predicate": {
				"custom_model_data": 6
			},
			"model": "minecraft:item/drop/bone6"
		}
	],
	"aj": {
		"includedRigs": {
			"c91a2a79-1dff-cc7e-4f25-42559be39ea7": {
				"name": "drop",
				"usedIDs": [
					[1, 6]
				]
			}
		}
	}
}