{
	"parent": "item/generated",
	"textures": {
		"layer0": "item/lime_dye"
	},
	"overrides": [
		{
			"predicate": {
				"custom_model_data": 1
			},
			"model": "minecraft:item/spinner/left_leg"
		},
		{
			"predicate": {
				"custom_model_data": 2
			},
			"model": "minecraft:item/spinner/right_leg"
		},
		{
			"predicate": {
				"custom_model_data": 3
			},
			"model": "minecraft:item/spinner/head"
		},
		{
			"predicate": {
				"custom_model_data": 4
			},
			"model": "minecraft:item/spinner/body"
		},
		{
			"predicate": {
				"custom_model_data": 11
			},
			"model": "minecraft:item/spinner/safe/left_leg"
		},
		{
			"predicate": {
				"custom_model_data": 12
			},
			"model": "minecraft:item/spinner/safe/right_leg"
		},
		{
			"predicate": {
				"custom_model_data": 13
			},
			"model": "minecraft:item/spinner/safe/head"
		},
		{
			"predicate": {
				"custom_model_data": 14
			},
			"model": "minecraft:item/spinner/safe/body"
		}
	],
	"aj": {
		"includedRigs": {
			"08f8973a-f1f3-0548-f84c-4e6c0c532cd5": {
				"name": "spinner",
				"usedIDs": [
					[1, 4]
				]
			}
		}
	}
}