{
	"parent": "item/generated",
	"textures": {
		"layer0": "item/pink_dye"
	},
	"overrides": [
		{
			"predicate": {
				"custom_model_data": 1
			},
			"model": "minecraft:item/ghost/body"
		},
		{
			"predicate": {
				"custom_model_data": 2
			},
			"model": "minecraft:item/ghost/spirit_circle"
		},
		{
			"predicate": {
				"custom_model_data": 3
			},
			"model": "minecraft:item/ghost/spirit_circle2"
		}
	],
	"aj": {
		"includedRigs": {
			"2b6596ef-1689-51bd-7ca6-d517cabd8878": {
				"name": "ghost",
				"usedIDs": [
					[1, 3]
				]
			}
		}
	}
}