{
 "parent": "item/generated",
 "textures": {
    "layer0": "minecraft:item/scute"
 },
 
"overrides":
[
    {
        "predicate":
        {
            "custom_model_data":1
        },
        "model": "custom/slideshow/1"
    },
    {
        "predicate":
        {
            "custom_model_data":2
        },
        "model": "custom/slideshow/2"
    },
    {
        "predicate":
        {
            "custom_model_data":3
        },
        "model": "custom/slideshow/3"
    },
    {
        "predicate":
        {
            "custom_model_data":4
        },
        "model": "custom/slideshow/4"
    },
    {
        "predicate":
        {
            "custom_model_data":5
        },
        "model": "custom/slideshow/5"
    },
    {
        "predicate":
        {
            "custom_model_data":6
        },
        "model": "custom/slideshow/6"
    },
    {
        "predicate":
        {
            "custom_model_data":7
        },
        "model": "custom/slideshow/7"
    },
    {
        "predicate":
        {
            "custom_model_data":8
        },
        "model": "custom/slideshow/8"
    },
    {
        "predicate":
        {
            "custom_model_data":9
        },
        "model": "custom/slideshow/9"
    },
    {
        "predicate":
        {
            "custom_model_data":10
        },
        "model": "custom/slideshow/10"
    },
    {
        "predicate":
        {
            "custom_model_data":11
        },
        "model": "custom/slideshow/blank"
    },
    {
        "predicate":
        {
            "custom_model_data":20
        },
        "model": "custom/evil_spirit"
    },
    {
        "predicate":
        {
            "custom_model_data":21
        },
        "model": "custom/neutral_spirit"
    },
    {
        "predicate":
        {
            "custom_model_data":22
        },
        "model": "custom/holy_spirit"
    },
    {
        "predicate":
        {
            "custom_model_data":31
        },
        "model": "custom/slideshow/1_safe"
    },
    {
        "predicate":
        {
            "custom_model_data":32
        },
        "model": "custom/slideshow/2_safe"
    },
    {
        "predicate":
        {
            "custom_model_data":35
        },
        "model": "custom/slideshow/5_safe"
    }
]
}