{
 "parent": "item/generated",
 "textures": {
    "layer0": "minecraft:block/tube_coral"
 },
 
"overrides":
[
    {
        "predicate":
        {
            "custom_model_data":1
        },
        "model": "custom/blood_pool"
    },
    {
        "predicate":
        {
            "custom_model_data":2
        },
        "model": "custom/blood_pool2"
    },
    {
        "predicate":
        {
            "custom_model_data":3
        },
        "model": "custom/blood_pool3"
    },
    {
        "predicate":
        {
            "custom_model_data":4
        },
        "model": "custom/blood_pool4"
    },
    {
        "predicate":
        {
            "custom_model_data":5
        },
        "model": "custom/blood_pool5"
    }
]
}