{
	"parent": "item/generated",
	"textures": {
		"layer0": "item/white_dye"
	},
	"overrides": [
		{
			"predicate": {
				"custom_model_data": 1
			},
			"model": "minecraft:item/chaos/stains"
		},
		{
			"predicate": {
				"custom_model_data": 2
			},
			"model": "minecraft:item/chaos/body"
		},
		{
			"predicate": {
				"custom_model_data": 3
			},
			"model": "minecraft:item/chaos/neck"
		},
		{
			"predicate": {
				"custom_model_data": 4
			},
			"model": "minecraft:item/chaos/head"
		},
		{
			"predicate": {
				"custom_model_data": 5
			},
			"model": "minecraft:item/chaos/right_leg"
		},
		{
			"predicate": {
				"custom_model_data": 6
			},
			"model": "minecraft:item/chaos/left_leg"
		},
		{
			"predicate": {
				"custom_model_data": 11
			},
			"model": "minecraft:item/chaos/safe/stains"
		},
		{
			"predicate": {
				"custom_model_data": 12
			},
			"model": "minecraft:item/chaos/safe/body"
		},
		{
			"predicate": {
				"custom_model_data": 13
			},
			"model": "minecraft:item/chaos/safe/neck"
		},
		{
			"predicate": {
				"custom_model_data": 14
			},
			"model": "minecraft:item/chaos/safe/head"
		},
		{
			"predicate": {
				"custom_model_data": 15
			},
			"model": "minecraft:item/chaos/safe/right_leg"
		},
		{
			"predicate": {
				"custom_model_data": 16
			},
			"model": "minecraft:item/chaos/safe/left_leg"
		}
	],
	"aj": {
		"includedRigs": {
			"5d453724-da57-e378-a347-1f743906f22d": {
				"name": "chaos",
				"usedIDs": [
					[1, 6]
				]
			}
		}
	}
}