{
	"parent": "item/generated",
	"textures": {
		"layer0": "item/yellow_dye"
	},
	"overrides": [
		{
			"predicate": {
				"custom_model_data": 1
			},
			"model": "minecraft:item/light_spirit/right_leg"
		},
		{
			"predicate": {
				"custom_model_data": 2
			},
			"model": "minecraft:item/light_spirit/left_leg"
		},
		{
			"predicate": {
				"custom_model_data": 3
			},
			"model": "minecraft:item/light_spirit/body"
		}
	],
	"aj": {
		"includedRigs": {
			"c8c7f215-85fe-9bc4-d4cf-19c0929a5592": {
				"name": "light_spirit",
				"usedIDs": [
					[1, 3]
				]
			}
		}
	}
}