{
	"__credit": "Generated using Animated Java (https://animated-java.dev/)",
	"textures": {
		"0": "minecraft:item/light_spirit"
	},
	"elements": [
		{
			"faces": {
				"north": {"uv": [0, 0, 2, 2], "texture": "#0"},
				"east": {"uv": [0, 0, 2, 2], "texture": "#0"},
				"south": {"uv": [0, 0, 2, 2], "texture": "#0"},
				"west": {"uv": [0, 0, 2, 2], "texture": "#0"},
				"up": {"uv": [2, 2, 0, 0], "texture": "#0"},
				"down": {"uv": [2, 0, 0, 2], "texture": "#0"}
			},
			"to": [9.6, 7.52, 9.584],
			"from": [6.4, 4.32, 6.384],
			"rotation": {"angle": 0, "axis": "y", "origin": [8, 3.12, 7.984]}
		},
		{
			"faces": {
				"north": {"uv": [3.75, 7, 4, 8.5], "texture": "#0"},
				"east": {"uv": [2, 4, 3.5, 5.5], "texture": "#0"},
				"south": {"uv": [3.75, 7, 4, 8.5], "texture": "#0"},
				"west": {"uv": [4, 2, 5.5, 3.5], "texture": "#0"},
				"up": {"uv": [4, 8.5, 3.75, 7], "texture": "#0"},
				"down": {"uv": [4, 7, 3.75, 8.5], "texture": "#0"}
			},
			"to": [10, 7.12, 9.184],
			"from": [9.6, 4.72, 6.784],
			"rotation": {"angle": 0, "axis": "y", "origin": [8, 3.12, 7.984]}
		},
		{
			"faces": {
				"north": {"uv": [3.75, 7, 4, 8.5], "texture": "#0"},
				"east": {"uv": [3.5, 4, 5, 5.5], "texture": "#0"},
				"south": {"uv": [3.75, 7, 4, 8.5], "texture": "#0"},
				"west": {"uv": [3.5, 4, 2, 5.5], "texture": "#0"},
				"up": {"uv": [4, 8.5, 3.75, 7], "texture": "#0"},
				"down": {"uv": [4, 7, 3.75, 8.5], "texture": "#0"}
			},
			"to": [6.4, 7.12, 9.184],
			"from": [6, 4.72, 6.784],
			"rotation": {"angle": 0, "axis": "y", "origin": [8, 3.12, 7.984]}
		},
		{
			"faces": {
				"north": {"uv": [6.5, 6.25, 8, 6.5], "texture": "#0"},
				"east": {"uv": [6.5, 6.25, 8, 6.5], "texture": "#0"},
				"south": {"uv": [6.5, 6.25, 8, 6.5], "texture": "#0"},
				"west": {"uv": [6.5, 6.25, 8, 6.5], "texture": "#0"},
				"up": {"uv": [6.5, 6.5, 5, 5], "texture": "#0"},
				"down": {"uv": [3.5, 4, 2, 5.5], "texture": "#0"}
			},
			"to": [9.2, 4.32, 9.184],
			"from": [6.8, 3.92, 6.784],
			"rotation": {"angle": 0, "axis": "y", "origin": [8, 3.12, 7.984]}
		},
		{
			"faces": {
				"north": {"uv": [5.5, 2, 7, 3.5], "texture": "#0"},
				"east": {"uv": [3.75, 7, 4, 8.5], "texture": "#0"},
				"south": {"uv": [2, 4, 3.5, 5.5], "texture": "#0"},
				"west": {"uv": [3.75, 7, 4, 8.5], "texture": "#0"},
				"up": {"uv": [8.5, 6.75, 7, 6.5], "texture": "#0"},
				"down": {"uv": [8.5, 6.5, 7, 6.75], "texture": "#0"}
			},
			"to": [9.2, 7.12, 9.984],
			"from": [6.8, 4.72, 9.584],
			"rotation": {"angle": 0, "axis": "y", "origin": [8, 3.12, 7.984]}
		},
		{
			"faces": {
				"north": {"uv": [6, 0.5, 8, 1], "texture": "#0"},
				"east": {"uv": [0, 0, 0, 0.5], "texture": "#0"},
				"south": {"uv": [6, 1, 8, 1.5], "texture": "#0"},
				"west": {"uv": [0, 0, 0, 0.5], "texture": "#0"},
				"up": {"uv": [2, 0, 0, 0], "texture": "#0"},
				"down": {"uv": [2, 0, 0, 0], "texture": "#0"}
			},
			"to": [9.6, 7.12, 6.344],
			"from": [6.4, 5.92, 6.344],
			"rotation": {"angle": 0, "axis": "y", "origin": [8, 3.12, 7.984]}
		},
		{
			"faces": {
				"north": {"uv": [0, 0, 0, 0.5], "texture": "#0"},
				"east": {"uv": [6, 1.5, 8, 2], "texture": "#0"},
				"south": {"uv": [0, 0, 0, 0.5], "texture": "#0"},
				"west": {"uv": [6, 1.5, 8, 2], "texture": "#0"},
				"up": {"uv": [0, 2, 0, 0], "texture": "#0"},
				"down": {"uv": [0, 0, 0, 2], "texture": "#0"}
			},
			"to": [9.6, 8.32, 9.584],
			"from": [9.6, 7.52, 6.384],
			"rotation": {"angle": 0, "axis": "y", "origin": [8, 3.12, 7.984]}
		},
		{
			"faces": {
				"north": {"uv": [6, 1.5, 8, 2], "texture": "#0"},
				"east": {"uv": [0, 0, 0, 0.5], "texture": "#0"},
				"south": {"uv": [6, 1.5, 8, 2], "texture": "#0"},
				"west": {"uv": [0, 0, 0, 0.5], "texture": "#0"},
				"up": {"uv": [2, 0, 0, 0], "texture": "#0"},
				"down": {"uv": [2, 0, 0, 0], "texture": "#0"}
			},
			"to": [9.6, 8.32, 6.384],
			"from": [6.4, 7.52, 6.384],
			"rotation": {"angle": 0, "axis": "y", "origin": [8, 3.12, 7.984]}
		},
		{
			"faces": {
				"north": {"uv": [6, 1.5, 8, 2], "texture": "#0"},
				"east": {"uv": [0, 0, 0, 0.5], "texture": "#0"},
				"south": {"uv": [6, 1.5, 8, 2], "texture": "#0"},
				"west": {"uv": [0, 0, 0, 0.5], "texture": "#0"},
				"up": {"uv": [2, 0, 0, 0], "texture": "#0"},
				"down": {"uv": [2, 0, 0, 0], "texture": "#0"}
			},
			"to": [9.6, 8.32, 9.584],
			"from": [6.4, 7.52, 9.584],
			"rotation": {"angle": 0, "axis": "y", "origin": [8, 3.12, 7.984]}
		},
		{
			"faces": {
				"north": {"uv": [0, 0, 0, 0.5], "texture": "#0"},
				"east": {"uv": [6, 1.5, 8, 2], "texture": "#0"},
				"south": {"uv": [0, 0, 0, 0.5], "texture": "#0"},
				"west": {"uv": [6, 1.5, 8, 2], "texture": "#0"},
				"up": {"uv": [0, 2, 0, 0], "texture": "#0"},
				"down": {"uv": [0, 0, 0, 2], "texture": "#0"}
			},
			"to": [6.4, 8.32, 9.584],
			"from": [6.4, 7.52, 6.384],
			"rotation": {"angle": 0, "axis": "y", "origin": [8, 3.12, 7.984]}
		}
	],
	"display": {
		"head": {
			"translation": [0, 5.6, 0],
			"scale": [4, 4, 4],
			"rotation": [0, 0, 0]
		}
	}
}