{
	"__credit": "Generated using Animated Java (https://animated-java.dev/)",
	"textures": {
		"0": "minecraft:item/light_spirit"
	},
	"elements": [
		{
			"faces": {
				"north": {"uv": [2.75, 7, 3.25, 8], "texture": "#0"},
				"east": {"uv": [0.75, 7, 1.5, 8], "texture": "#0"},
				"south": {"uv": [3.25, 7, 3.75, 8], "texture": "#0"},
				"west": {"uv": [1.5, 7, 2.25, 8], "texture": "#0"},
				"up": {"uv": [7.25, 8, 6.75, 7.25], "texture": "#0"},
				"down": {"uv": [7.75, 7.25, 7.25, 8], "texture": "#0"}
			},
			"to": [8.4, 5.8, 8.6],
			"from": [7.6, 4.2, 7.4],
			"rotation": {"angle": 0, "axis": "y", "origin": [7.4, 4.2, 8]}
		}
	],
	"display": {
		"head": {
			"translation": [0, 5.6, 0],
			"scale": [4, 4, 4],
			"rotation": [0, 0, 0]
		}
	}
}