{
	"credit": "Made with Blockbench",
	"texture_size": [64, 64],
	"textures": {
		"0": "custom/holy_spirit",
		"particle": "custom/holy_spirit"
	},
	"elements": [
		{
			"from": [3, 15, 3],
			"to": [13, 15, 13],
			"faces": {
				"north": {"uv": [0, 0, 2.5, 0], "texture": "#0"},
				"east": {"uv": [0, 0, 2.5, 0], "texture": "#0"},
				"south": {"uv": [0, 0, 2.5, 0], "texture": "#0"},
				"west": {"uv": [0, 0, 2.5, 0], "texture": "#0"},
				"up": {"uv": [5, 10, 2.5, 7.5], "texture": "#0"},
				"down": {"uv": [10, 3.75, 7.5, 6.25], "texture": "#0"}
			}
		},
		{
			"from": [3, 0, 3],
			"to": [13, 15, 3],
			"faces": {
				"north": {"uv": [0, 0, 2.5, 3.75], "texture": "#0"},
				"east": {"uv": [0, 0, 0, 3.75], "texture": "#0"},
				"south": {"uv": [2.5, 0, 0, 3.75], "texture": "#0"},
				"west": {"uv": [0, 0, 0, 3.75], "texture": "#0"},
				"up": {"uv": [2.5, 0, 0, 0], "texture": "#0"},
				"down": {"uv": [2.5, 0, 0, 0], "texture": "#0"}
			}
		},
		{
			"from": [3, 0, 3],
			"to": [3, 15, 13],
			"faces": {
				"north": {"uv": [0, 0, 0, 3.75], "texture": "#0"},
				"east": {"uv": [5, 3.75, 2.5, 7.5], "texture": "#0"},
				"south": {"uv": [0, 0, 0, 3.75], "texture": "#0"},
				"west": {"uv": [2.5, 3.75, 5, 7.5], "texture": "#0"},
				"up": {"uv": [0, 2.5, 0, 0], "texture": "#0"},
				"down": {"uv": [0, 0, 0, 2.5], "texture": "#0"}
			}
		},
		{
			"from": [3, 0, 13],
			"to": [13, 15, 13],
			"faces": {
				"north": {"uv": [7.5, 3.75, 5, 7.5], "texture": "#0"},
				"east": {"uv": [0, 0, 0, 3.75], "texture": "#0"},
				"south": {"uv": [5, 3.75, 7.5, 7.5], "texture": "#0"},
				"west": {"uv": [0, 0, 0, 3.75], "texture": "#0"},
				"up": {"uv": [2.5, 0, 0, 0], "texture": "#0"},
				"down": {"uv": [2.5, 0, 0, 0], "texture": "#0"}
			}
		},
		{
			"from": [13, 0, 3],
			"to": [13, 15, 13],
			"faces": {
				"north": {"uv": [0, 0, 0, 3.75], "texture": "#0"},
				"east": {"uv": [0, 7.5, 2.5, 11.25], "texture": "#0"},
				"south": {"uv": [0, 0, 0, 3.75], "texture": "#0"},
				"west": {"uv": [2.5, 7.5, 0, 11.25], "texture": "#0"},
				"up": {"uv": [0, 2.5, 0, 0], "texture": "#0"},
				"down": {"uv": [0, 0, 0, 2.5], "texture": "#0"}
			}
		}
	]
}