{
  "multipart": [
    {
      "apply": {
        "model": "custom/blue_bottom"
      }
    },
    {
      "when": {
        "north": "true"
      },
      "apply": {
        "model": "custom/blue_north",
        "uvlock": true
      }
    },
    {
      "when": {
        "east": "true"
      },
      "apply": {
        "model": "custom/blue_east",
        "uvlock": true
      }
    },
    {
      "when": {
        "south": "true"
      },
      "apply": {
        "model": "custom/blue_south",
        "uvlock": true
      }
    },
    {
      "when": {
        "west": "true"
      },
      "apply": {
        "model": "custom/blue_west",
        "uvlock": true
      }
    }
  ]
}