{
	"credit": "Made with Blockbench",
	"texture_size": [128, 128],
	"textures": {
		"0": "custom/blood_puddle",
		"particle": "custom/blood_puddle"
	},
	"elements": [
		{
			"from": [-16, 0.1, -16],
			"to": [32, 0.1, 32],
			"faces": {
				"north": {"uv": [6, 0, 0, 0], "rotation": 180, "texture": "#0"},
				"east": {"uv": [0, 0, 0, 6], "rotation": 270, "texture": "#0"},
				"south": {"uv": [6, 0, 0, 0], "texture": "#0"},
				"west": {"uv": [0, 0, 0, 6], "rotation": 90, "texture": "#0"},
				"up": {"uv": [6, 0, 12, 6], "rotation": 180, "texture": "#0"},
				"down": {"uv": [6, 6, 12, 12], "texture": "#0"}
			}
		}
	]
}