{
	"credit": "Made with Blockbench",
	"texture_size": [128, 128],
	"textures": {
		"0": "custom/blood_wall",
		"particle": "custom/blood_wall"
	},
	"elements": [
		{
			"from": [-16, -16, 15.9],
			"to": [32, 32, 15.9],
			"faces": {
				"north": {"uv": [6, 0, 12, 6], "texture": "#0"},
				"east": {"uv": [0, 0, 0, 6], "texture": "#0"},
				"south": {"uv": [6, 6, 12, 12], "texture": "#0"},
				"west": {"uv": [0, 0, 0, 6], "texture": "#0"},
				"up": {"uv": [6, 0, 0, 0], "texture": "#0"},
				"down": {"uv": [6, 0, 0, 0], "texture": "#0"}
			}
		}
	]
}