{
	"credit": "Made with Blockbench",
	"texture_size": [32, 32],
	"textures": {
		"0": "block/exit",
		"particle": "block/exit"
	},
	"elements": [
		{
			"from": [-14, 2, 12],
			"to": [14, 14, 16],
			"faces": {
				"north": {"uv": [0, 0, 14, 6], "texture": "#0"},
				"east": {"uv": [14, 0, 16, 6], "texture": "#0"},
				"south": {"uv": [0, 6, 14, 12], "texture": "#0"},
				"west": {"uv": [14, 6, 16, 12], "texture": "#0"},
				"up": {"uv": [14, 14, 0, 12], "texture": "#0"},
				"down": {"uv": [14, 12, 0, 14], "texture": "#0"}
			}
		}
	],
	"display": {}
}