{
	"credit": "Made with Blockbench",
	"texture_size": [64, 64],
	"textures": {
		"0": "custom/body",
		"particle": "custom/body"
	},
	"elements": [
		{
			"from": [0.4, 6, 6.5],
			"to": [15.4, 23, 6.5],
			"faces": {
				"north": {"uv": [0, 0, 4, 4.25], "texture": "#0"},
				"east": {"uv": [0, 0, 0, 4.25], "texture": "#0"},
				"south": {"uv": [4, 0, 0, 4.25], "texture": "#0"},
				"west": {"uv": [0, 0, 0, 4.25], "texture": "#0"},
				"up": {"uv": [4, 0, 0, 0], "texture": "#0"},
				"down": {"uv": [4, 0, 0, 0], "texture": "#0"}
			}
		},
		{
			"from": [0.5, 6, 6.5],
			"to": [0.5, 23, 9.5],
			"faces": {
				"north": {"uv": [0, 0, 0, 4.25], "texture": "#0"},
				"east": {"uv": [2, 8.5, 1, 12.75], "texture": "#0"},
				"south": {"uv": [0, 0, 0, 4.25], "texture": "#0"},
				"west": {"uv": [1, 8.5, 2, 12.75], "texture": "#0"},
				"up": {"uv": [0, 1, 0, 0], "texture": "#0"},
				"down": {"uv": [0, 0, 0, 1], "texture": "#0"}
			}
		},
		{
			"from": [0.5, 23, 6.5],
			"to": [15.5, 23, 9.5],
			"faces": {
				"north": {"uv": [0, 0, 4, 0], "texture": "#0"},
				"east": {"uv": [0, 0, 1, 0], "texture": "#0"},
				"south": {"uv": [0, 0, 4, 0], "texture": "#0"},
				"west": {"uv": [0, 0, 1, 0], "texture": "#0"},
				"up": {"uv": [9, 9.5, 5, 8.5], "texture": "#0"},
				"down": {"uv": [5, 8.5, 9, 9.5], "texture": "#0"}
			}
		},
		{
			"from": [0.5, 6, 9.5],
			"to": [15.5, 23, 9.5],
			"faces": {
				"north": {"uv": [8, 4.25, 4, 8.5], "texture": "#0"},
				"east": {"uv": [0, 0, 0, 4.25], "texture": "#0"},
				"south": {"uv": [4, 4.25, 8, 8.5], "texture": "#0"},
				"west": {"uv": [0, 0, 0, 4.25], "texture": "#0"},
				"up": {"uv": [4, 0, 0, 0], "texture": "#0"},
				"down": {"uv": [4, 0, 0, 0], "texture": "#0"}
			}
		},
		{
			"from": [15.4, 6, 6.5],
			"to": [15.4, 23, 9.5],
			"faces": {
				"north": {"uv": [0, 0, 0, 4.25], "texture": "#0"},
				"east": {"uv": [8, 0, 9, 4.25], "texture": "#0"},
				"south": {"uv": [0, 0, 0, 4.25], "texture": "#0"},
				"west": {"uv": [9, 0, 8, 4.25], "texture": "#0"},
				"up": {"uv": [0, 1, 0, 0], "texture": "#0"},
				"down": {"uv": [0, 0, 0, 1], "texture": "#0"}
			}
		},
		{
			"from": [4.35, 8, 6.5],
			"to": [4.35, 11, 9.5],
			"faces": {
				"north": {"uv": [0, 0, 0, 0.75], "texture": "#missing"},
				"east": {"uv": [12.5, 9, 11.75, 9.75], "texture": "#0"},
				"south": {"uv": [0, 0, 0, 0.75], "texture": "#missing"},
				"west": {"uv": [11.75, 9, 12.5, 9.75], "texture": "#0"},
				"up": {"uv": [0, 0, 0, 0.75], "texture": "#missing"},
				"down": {"uv": [0, 0, 0, 0.75], "texture": "#missing"}
			}
		},
		{
			"from": [11.65, 8, 6.5],
			"to": [11.65, 11, 9.5],
			"faces": {
				"north": {"uv": [0, 0, 0, 0.75], "texture": "#missing"},
				"east": {"uv": [12.5, 9, 11.75, 9.75], "texture": "#0"},
				"south": {"uv": [0, 0, 0, 0.75], "texture": "#missing"},
				"west": {"uv": [11.75, 9, 12.5, 9.75], "texture": "#0"},
				"up": {"uv": [0, 0, 0, 0.75], "texture": "#missing"},
				"down": {"uv": [0, 0, 0, 0.75], "texture": "#missing"}
			}
		},
		{
			"from": [11.65, 12, 6.5],
			"to": [11.65, 20, 9.5],
			"faces": {
				"north": {"uv": [0, 0, 0, 0.75], "texture": "#missing"},
				"east": {"uv": [12.5, 9, 11.75, 10.75], "texture": "#0"},
				"south": {"uv": [0, 0, 0, 0.75], "texture": "#missing"},
				"west": {"uv": [11.75, 9, 12.5, 10.75], "texture": "#0"},
				"up": {"uv": [0, 0, 0, 0.75], "texture": "#missing"},
				"down": {"uv": [0, 0, 0, 0.75], "texture": "#missing"}
			}
		},
		{
			"from": [4.25, 12, 6.5],
			"to": [4.25, 20, 9.5],
			"faces": {
				"north": {"uv": [0, 0, 0, 0.75], "texture": "#missing"},
				"east": {"uv": [12.5, 9, 11.75, 10.75], "texture": "#0"},
				"south": {"uv": [0, 0, 0, 0.75], "texture": "#missing"},
				"west": {"uv": [11.75, 9, 12.5, 10.75], "texture": "#0"},
				"up": {"uv": [0, 0, 0, 0.75], "texture": "#missing"},
				"down": {"uv": [0, 0, 0, 0.75], "texture": "#missing"}
			}
		},
		{
			"from": [8.75, 1, 7],
			"to": [10.75, 11, 9],
			"rotation": {"angle": 0, "axis": "y", "origin": [-0.25, 0, 0]},
			"faces": {
				"north": {"uv": [8, 9.5, 8.5, 12], "texture": "#0"},
				"east": {"uv": [8.5, 9.5, 9, 12], "texture": "#0"},
				"south": {"uv": [9, 10, 9.5, 12.5], "texture": "#0"},
				"west": {"uv": [9.5, 10, 10, 12.5], "texture": "#0"},
				"up": {"uv": [11.5, 6.5, 11, 6], "texture": "#0"},
				"down": {"uv": [11.5, 6.5, 11, 7], "texture": "#0"}
			}
		},
		{
			"from": [8.65, 1, 5],
			"to": [10.85, 3, 8.5],
			"rotation": {"angle": -22.5, "axis": "x", "origin": [9.75, 2, 8]},
			"faces": {
				"north": {"uv": [11, 7, 11.5, 7.5], "texture": "#0"},
				"east": {"uv": [10.5, 3.5, 11.5, 4], "texture": "#0"},
				"south": {"uv": [11, 7.5, 11.5, 8], "texture": "#0"},
				"west": {"uv": [10.5, 4, 11.5, 4.5], "texture": "#0"},
				"up": {"uv": [11, 5.5, 10.5, 4.5], "texture": "#0"},
				"down": {"uv": [11, 5.5, 10.5, 6.5], "texture": "#0"}
			}
		},
		{
			"from": [11, 20, 7],
			"to": [15, 22, 9],
			"faces": {
				"north": {"uv": [10.5, 1.5, 11.5, 2], "texture": "#0"},
				"east": {"uv": [10.5, 9.5, 11, 10], "texture": "#0"},
				"south": {"uv": [10.5, 2, 11.5, 2.5], "texture": "#0"},
				"west": {"uv": [10, 10.5, 10.5, 11], "texture": "#0"},
				"up": {"uv": [11.5, 3, 10.5, 2.5], "texture": "#0"},
				"down": {"uv": [11.5, 3, 10.5, 3.5], "texture": "#0"}
			}
		},
		{
			"from": [13, 10, 7],
			"to": [15, 20, 9],
			"faces": {
				"north": {"uv": [6, 9.5, 6.5, 12], "texture": "#0"},
				"east": {"uv": [6, 9.5, 6.5, 12], "texture": "#0"},
				"south": {"uv": [6, 9.5, 6.5, 12], "texture": "#0"},
				"west": {"uv": [6, 9.5, 6.5, 12], "texture": "#0"},
				"up": {"uv": [11, 11, 10.5, 10.5], "texture": "#0"},
				"down": {"uv": [11.5, 4.5, 11, 5], "texture": "#0"}
			}
		},
		{
			"from": [5, 11, 7],
			"to": [11, 22, 9],
			"faces": {
				"north": {"uv": [5, 8.5, 3.5, 11.25], "texture": "#0"},
				"east": {"uv": [5, 9.5, 5.5, 12.25], "texture": "#0"},
				"south": {"uv": [3.5, 8.5, 5, 11.25], "texture": "#0"},
				"west": {"uv": [5.5, 9.5, 6, 12.25], "texture": "#0"},
				"up": {"uv": [11.5, 10.5, 10, 10], "texture": "#0"},
				"down": {"uv": [12, 1, 10.5, 1.5], "texture": "#0"}
			}
		},
		{
			"from": [7, 21.7, 6.5],
			"to": [9, 24.5, 8.5],
			"rotation": {"angle": -22.5, "axis": "x", "origin": [8, 23, 8]},
			"faces": {
				"north": {"uv": [10.5, 6.5, 11, 7.25], "texture": "#0"},
				"east": {"uv": [10.5, 7.25, 11, 8], "texture": "#0"},
				"south": {"uv": [10.5, 8, 11, 8.75], "texture": "#0"},
				"west": {"uv": [10.5, 8.75, 11, 9.5], "texture": "#0"},
				"up": {"uv": [11.5, 5.5, 11, 5], "texture": "#0"},
				"down": {"uv": [11.5, 5.5, 11, 6], "texture": "#0"}
			}
		},
		{
			"from": [5, 24, 4],
			"to": [11, 30, 10],
			"rotation": {"angle": -45, "axis": "x", "origin": [8, 23, 8]},
			"faces": {
				"north": {"uv": [9, 1, 10.5, 2.5], "texture": "#0"},
				"east": {"uv": [9, 2.5, 10.5, 4], "texture": "#0"},
				"south": {"uv": [9, 4, 10.5, 5.5], "texture": "#0"},
				"west": {"uv": [9, 5.5, 10.5, 7], "texture": "#0"},
				"up": {"uv": [10.5, 8.5, 9, 7], "texture": "#0"},
				"down": {"uv": [10.5, 8.5, 9, 10], "texture": "#0"}
			}
		},
		{
			"from": [5.25, 1, 7],
			"to": [7.25, 11, 9],
			"rotation": {"angle": 0, "axis": "y", "origin": [-3.75, 0, 0]},
			"faces": {
				"north": {"uv": [8, 9.5, 8.5, 12], "texture": "#0"},
				"east": {"uv": [8.5, 9.5, 9, 12], "texture": "#0"},
				"south": {"uv": [9, 10, 9.5, 12.5], "texture": "#0"},
				"west": {"uv": [9.5, 10, 10, 12.5], "texture": "#0"},
				"up": {"uv": [11.5, 6.5, 11, 6], "texture": "#0"},
				"down": {"uv": [11.5, 6.5, 11, 7], "texture": "#0"}
			}
		},
		{
			"from": [5.15, 1, 5],
			"to": [7.35, 3, 8.5],
			"rotation": {"angle": -22.5, "axis": "x", "origin": [6.25, 2, 8]},
			"faces": {
				"north": {"uv": [11, 7, 11.5, 7.5], "texture": "#0"},
				"east": {"uv": [10.5, 3.5, 11.5, 4], "texture": "#0"},
				"south": {"uv": [11, 7.5, 11.5, 8], "texture": "#0"},
				"west": {"uv": [10.5, 4, 11.5, 4.5], "texture": "#0"},
				"up": {"uv": [11, 5.5, 10.5, 4.5], "texture": "#0"},
				"down": {"uv": [11, 5.5, 10.5, 6.5], "texture": "#0"}
			}
		},
		{
			"from": [1, 20, 7],
			"to": [5, 22, 9],
			"faces": {
				"north": {"uv": [10.5, 1.5, 11.5, 2], "texture": "#0"},
				"east": {"uv": [10.5, 9.5, 11, 10], "texture": "#0"},
				"south": {"uv": [10.5, 2, 11.5, 2.5], "texture": "#0"},
				"west": {"uv": [10, 10.5, 10.5, 11], "texture": "#0"},
				"up": {"uv": [11.5, 3, 10.5, 2.5], "texture": "#0"},
				"down": {"uv": [11.5, 3, 10.5, 3.5], "texture": "#0"}
			}
		},
		{
			"from": [1, 10, 7],
			"to": [3, 20, 9],
			"faces": {
				"north": {"uv": [6, 9.5, 6.5, 12], "texture": "#0"},
				"east": {"uv": [6, 9.5, 6.5, 12], "texture": "#0"},
				"south": {"uv": [6, 9.5, 6.5, 12], "texture": "#0"},
				"west": {"uv": [6, 9.5, 6.5, 12], "texture": "#0"},
				"up": {"uv": [11, 11, 10.5, 10.5], "texture": "#0"},
				"down": {"uv": [11.5, 4.5, 11, 5], "texture": "#0"}
			}
		}
	],
	"groups": [
		{
			"name": "vest",
			"origin": [0, 0, 0],
			"color": 0,
			"nbt": "{}",
			"armAnimationEnabled": false,
			"children": [0, 1, 2, 3, 4, 5, 6, 7, 8]
		},
		{
			"name": "leg",
			"origin": [10, 2, 8],
			"color": 0,
			"nbt": "{}",
			"armAnimationEnabled": false,
			"children": [9, 10]
		},
		{
			"name": "arm",
			"origin": [0, 0, 0],
			"color": 0,
			"nbt": "{}",
			"armAnimationEnabled": false,
			"children": [11, 12]
		},
		{
			"name": "body",
			"origin": [8, 23, 8],
			"color": 0,
			"nbt": "{}",
			"armAnimationEnabled": false,
			"children": [13, 14, 15]
		},
		{
			"name": "leg",
			"origin": [10, 2, 8],
			"color": 0,
			"nbt": "{}",
			"armAnimationEnabled": false,
			"children": [16, 17]
		},
		{
			"name": "arm",
			"origin": [0, 0, 0],
			"color": 0,
			"nbt": "{}",
			"armAnimationEnabled": false,
			"children": [18, 19]
		}
	]
}