{
	"credit": "Made with Blockbench",
	"textures": {
		"0": "custom/credits",
		"particle": "custom/credits"
	},
	"elements": [
		{
			"from": [-16, 0, 13.9],
			"to": [16, 16, 15.9],
			"faces": {
				"north": {"uv": [0, 0, 16, 16], "texture": "#0"},
				"east": {"uv": [0, 0, 0.1, 0.78], "texture": "#0"},
				"south": {"uv": [0, 0, 16, 16], "texture": "#0"},
				"west": {"uv": [0, 0, 0.22, 0.56], "texture": "#0"},
				"up": {"uv": [0, 0, 0.6, 0.56], "texture": "#0"},
				"down": {"uv": [0, 0, 2.26, 0.26], "texture": "#0"}
			}
		}
	]
}