{
	"__credit": "Generated using Animated Java (https://animated-java.dev/)",
	"textures": {
		"0": "minecraft:item/spinner_safe"
	},
	"elements": [
		{
			"faces": {
				"north": {"uv": [4.25, 8.5, 4.5, 9.75], "texture": "#0"},
				"east": {"uv": [7.5, 3.5, 8, 4.75], "texture": "#0"},
				"south": {"uv": [4.5, 8.5, 4.75, 9.75], "texture": "#0"},
				"west": {"uv": [7.5, 4.75, 8, 6], "texture": "#0"},
				"up": {"uv": [7.75, 6.5, 7.5, 6], "texture": "#0"},
				"down": {"uv": [7.75, 6.5, 7.5, 7], "texture": "#0"}
			},
			"to": [8.2, 4.8, 8.4],
			"from": [7.8, 2.8, 7.6],
			"rotation": {"angle": 0, "axis": "y", "origin": [8.6, 2.8, 8.4]}
		},
		{
			"faces": {
				"north": {"uv": [4.25, 8.5, 4.5, 9.25], "texture": "#0"},
				"east": {"uv": [7.5, 3.5, 8, 4.25], "texture": "#0"},
				"south": {"uv": [4.5, 8.5, 4.75, 9.25], "texture": "#0"},
				"west": {"uv": [7.5, 4.75, 8, 5.5], "texture": "#0"},
				"up": {"uv": [7.75, 6.5, 7.5, 6], "texture": "#0"},
				"down": {"uv": [7.75, 6.5, 7.5, 7], "texture": "#0"}
			},
			"to": [8.2, 6, 8.4],
			"from": [7.8, 4.8, 7.6],
			"rotation": {"angle": 0, "axis": "y", "origin": [8.6, 2.8, 8.4]}
		}
	],
	"display": {
		"head": {
			"translation": [0, 5.6, 0],
			"scale": [4, 4, 4],
			"rotation": [0, 0, 0]
		}
	}
}