{
	"__credit": "Generated using Animated Java (https://animated-java.dev/)",
	"textures": {
		"0": "minecraft:item/chaos_safe"
	},
	"elements": [
		{
			"faces": {
				"north": {"uv": [7.875, 5.5, 9.625, 5.75], "texture": "#0"},
				"east": {"uv": [0.75, 4.5, 1.375, 4.75], "texture": "#0"},
				"south": {"uv": [8.25, 2.375, 10, 2.625], "texture": "#0"},
				"west": {"uv": [9, 1.625, 9.625, 1.875], "texture": "#0"},
				"up": {"uv": [7.25, 6.375, 5.5, 5.75], "texture": "#0"},
				"down": {"uv": [8, 0, 6.25, 0.625], "texture": "#0"}
			},
			"to": [10.8, 2.8, 9],
			"from": [5.2, 2, 7],
			"rotation": {"angle": 0, "axis": "y", "origin": [8, -6.4, 11.8]}
		},
		{
			"faces": {
				"north": {"uv": [0, 0, 2, 1.375], "texture": "#0"},
				"east": {"uv": [5.125, 6.875, 5.75, 8.25], "texture": "#0"},
				"south": {"uv": [0, 1.375, 2, 2.75], "texture": "#0"},
				"west": {"uv": [5.75, 6.875, 6.375, 8.25], "texture": "#0"},
				"up": {"uv": [3.5, 6.375, 1.5, 5.75], "texture": "#0"},
				"down": {"uv": [5.5, 5.75, 3.5, 6.375], "texture": "#0"}
			},
			"to": [11.2, 7.2, 9],
			"from": [4.8, 2.8, 7],
			"rotation": {"angle": 0, "axis": "y", "origin": [8, -6.4, 11.8]}
		},
		{
			"faces": {
				"north": {"uv": [8.25, 2.625, 10, 2.875], "texture": "#0"},
				"east": {"uv": [9, 7.25, 9.625, 7.5], "texture": "#0"},
				"south": {"uv": [8.375, 0, 10.125, 0.25], "texture": "#0"},
				"west": {"uv": [9, 7.5, 9.625, 7.75], "texture": "#0"},
				"up": {"uv": [8, 1.25, 6.25, 0.625], "texture": "#0"},
				"down": {"uv": [8, 1.25, 6.25, 1.875], "texture": "#0"}
			},
			"to": [10.8, 8, 9],
			"from": [5.2, 7.2, 7],
			"rotation": {"angle": 0, "axis": "y", "origin": [8, -6.4, 11.8]}
		}
	],
	"display": {
		"head": {
			"translation": [0, 5.6, 0],
			"scale": [4, 4, 4],
			"rotation": [0, 0, 0]
		}
	}
}