{
	"__credit": "Generated using Animated Java (https://animated-java.dev/)",
	"textures": {
		"0": "minecraft:item/chaos_safe"
	},
	"elements": [
		{
			"faces": {
				"north": {"uv": [6.25, 8.25, 7, 8.75], "texture": "#0"},
				"east": {"uv": [7, 6.375, 8.75, 6.875], "texture": "#0"},
				"south": {"uv": [8.375, 0.25, 9.125, 0.75], "texture": "#0"},
				"west": {"uv": [7, 6.875, 8.75, 7.375], "texture": "#0"},
				"up": {"uv": [1.5, 4.5, 0.75, 2.75], "texture": "#0"},
				"down": {"uv": [1.5, 5.75, 0.75, 7.5], "texture": "#0"}
			},
			"to": [9.2, 5.8, 8.4],
			"from": [6.8, 4.2, 2.8],
			"rotation": {"angle": 22.5, "axis": "x", "origin": [8, 5, 5.6]}
		}
	],
	"display": {
		"head": {
			"translation": [0, 5.6, 0],
			"scale": [4, 4, 4],
			"rotation": [0, 0, 0]
		}
	}
}