{
	"__credit": "Generated using Animated Java (https://animated-java.dev/)",
	"textures": {
		"0": "minecraft:item/spider_safe"
	},
	"elements": [
		{
			"faces": {
				"north": {"uv": [6.25, 3, 7.75, 3.5], "texture": "#0"},
				"east": {"uv": [5.25, 8.5, 5.75, 9], "texture": "#0"},
				"south": {"uv": [7.25, 7, 8.75, 7.5], "texture": "#0"},
				"west": {"uv": [5.75, 8.5, 6.25, 9], "texture": "#0"},
				"up": {"uv": [1.5, 8, 0, 7.5], "texture": "#0"},
				"down": {"uv": [3, 7.5, 1.5, 8], "texture": "#0"}
			},
			"to": [10.65068, 5.5534, 8.4],
			"from": [8.25068, 4.7534, 7.6],
			"rotation": {"angle": 22.5, "axis": "z", "origin": [9.05068, 3.7534, 8]}
		},
		{
			"faces": {
				"north": {"uv": [3, 6, 4, 6.5], "texture": "#0"},
				"east": {"uv": [8.5, 6, 9, 6.5], "texture": "#0"},
				"south": {"uv": [3, 6.5, 4, 7], "texture": "#0"},
				"west": {"uv": [6.25, 8.5, 6.75, 9], "texture": "#0"},
				"up": {"uv": [4, 7.5, 3, 7], "texture": "#0"},
				"down": {"uv": [8.5, 6, 7.5, 6.5], "texture": "#0"}
			},
			"to": [10.97519, 5.53566, 8.3],
			"from": [9.37519, 4.93566, 7.7],
			"rotation": {"angle": -22.5, "axis": "z", "origin": [10.17519, 4.43566, 8]}
		},
		{
			"faces": {
				"north": {"uv": [7.25, 7.5, 7.5, 9.75], "texture": "#0"},
				"east": {"uv": [7.5, 7.5, 7.75, 9.75], "texture": "#0"},
				"south": {"uv": [7.75, 0, 8, 2.25], "texture": "#0"},
				"west": {"uv": [7.75, 7.5, 8, 9.75], "texture": "#0"},
				"up": {"uv": [6.75, 9.5, 6.5, 9.25], "texture": "#0"},
				"down": {"uv": [9.5, 7, 9.25, 7.25], "texture": "#0"}
			},
			"to": [11.87987, 4.99572, 8.2],
			"from": [11.47987, 1.39572, 7.8],
			"rotation": {"angle": 22.5, "axis": "z", "origin": [11.27987, 3.19572, 8]}
		}
	],
	"display": {
		"head": {
			"translation": [0, 5.6, 0],
			"scale": [4, 4, 4],
			"rotation": [0, 0, 0]
		}
	}
}