{
	"__credit": "Generated using Animated Java (https://animated-java.dev/)",
	"textures": {
		"0": "minecraft:item/spider_safe"
	},
	"elements": [
		{
			"faces": {
				"north": {"uv": [4, 4, 5.75, 5.75], "texture": "#0"},
				"east": {"uv": [7.5, 3.5, 5.75, 5.25], "texture": "#0"},
				"south": {"uv": [4.5, 1.75, 6.25, 3.5], "texture": "#0"},
				"west": {"uv": [5.75, 3.5, 7.5, 5.25], "texture": "#0"},
				"up": {"uv": [5.75, 7.5, 4, 5.75], "texture": "#0"},
				"down": {"uv": [7.5, 5.25, 5.75, 7], "texture": "#0"}
			},
			"to": [9.2, 7.8, 5.6],
			"from": [6.4, 5, 2.8],
			"rotation": {"angle": 0, "axis": "y", "origin": [8, 5, 8]}
		},
		{
			"faces": {
				"north": {"uv": [8.75, 3.25, 9.25, 3.5], "texture": "#0"},
				"east": {"uv": [6.5, 9, 6.75, 9.25], "texture": "#0"},
				"south": {"uv": [9, 3.5, 9.5, 3.75], "texture": "#0"},
				"west": {"uv": [8, 9, 8.25, 9.25], "texture": "#0"},
				"up": {"uv": [9.5, 4, 9, 3.75], "texture": "#0"},
				"down": {"uv": [9.5, 4, 9, 4.25], "texture": "#0"}
			},
			"to": [7.2, 6.6, 2.8],
			"from": [6.4, 6.2, 2.6],
			"rotation": {"angle": 0, "axis": "y", "origin": [8, 5, 8]}
		},
		{
			"faces": {
				"north": {"uv": [9, 8, 9.25, 8.25], "texture": "#0"},
				"east": {"uv": [9, 4.25, 9.5, 4.5], "texture": "#0"},
				"south": {"uv": [8.25, 9, 8.5, 9.25], "texture": "#0"},
				"west": {"uv": [9, 4.5, 9.5, 4.75], "texture": "#0"},
				"up": {"uv": [5.5, 9.5, 5.25, 9], "texture": "#0"},
				"down": {"uv": [5.75, 9, 5.5, 9.5], "texture": "#0"}
			},
			"to": [6.4, 7.2, 3.8],
			"from": [6.2, 6.8, 3],
			"rotation": {"angle": 0, "axis": "y", "origin": [8, 5, 8]}
		},
		{
			"faces": {
				"north": {"uv": [9, 8.25, 9.25, 8.5], "texture": "#0"},
				"east": {"uv": [9, 4.75, 9.5, 5], "texture": "#0"},
				"south": {"uv": [8.5, 9, 8.75, 9.25], "texture": "#0"},
				"west": {"uv": [5.75, 9, 6.25, 9.25], "texture": "#0"},
				"up": {"uv": [9.25, 6.5, 9, 6], "texture": "#0"},
				"down": {"uv": [6.5, 9, 6.25, 9.5], "texture": "#0"}
			},
			"to": [9.4, 7.2, 3.8],
			"from": [9.2, 6.8, 3],
			"rotation": {"angle": 0, "axis": "y", "origin": [8, 5, 8]}
		},
		{
			"faces": {
				"north": {"uv": [9, 6.5, 9.5, 6.75], "texture": "#0"},
				"east": {"uv": [9, 8.5, 9.25, 8.75], "texture": "#0"},
				"south": {"uv": [9, 6.75, 9.5, 7], "texture": "#0"},
				"west": {"uv": [8.75, 9, 9, 9.25], "texture": "#0"},
				"up": {"uv": [9.5, 7.75, 9, 7.5], "texture": "#0"},
				"down": {"uv": [9.5, 7.75, 9, 8], "texture": "#0"}
			},
			"to": [9.2, 6.6, 2.8],
			"from": [8.4, 6.2, 2.6],
			"rotation": {"angle": 0, "axis": "y", "origin": [8, 5, 8]}
		},
		{
			"faces": {
				"north": {"uv": [9, 8.75, 9.25, 9], "texture": "#0"},
				"east": {"uv": [9, 9, 9.25, 9.25], "texture": "#0"},
				"south": {"uv": [9.25, 0, 9.5, 0.25], "texture": "#0"},
				"west": {"uv": [9.25, 0.25, 9.5, 0.5], "texture": "#0"},
				"up": {"uv": [9.5, 0.75, 9.25, 0.5], "texture": "#0"},
				"down": {"uv": [9.5, 0.75, 9.25, 1], "texture": "#0"}
			},
			"to": [8.4, 6.2, 2.8],
			"from": [8, 5.8, 2.6],
			"rotation": {"angle": 0, "axis": "y", "origin": [8, 5, 8]}
		},
		{
			"faces": {
				"north": {"uv": [9.25, 1, 9.5, 1.25], "texture": "#0"},
				"east": {"uv": [9.25, 1.25, 9.5, 1.5], "texture": "#0"},
				"south": {"uv": [9.25, 1.5, 9.5, 1.75], "texture": "#0"},
				"west": {"uv": [9.25, 1.75, 9.5, 2], "texture": "#0"},
				"up": {"uv": [9.5, 2.25, 9.25, 2], "texture": "#0"},
				"down": {"uv": [9.5, 2.25, 9.25, 2.5], "texture": "#0"}
			},
			"to": [7.6, 6.2, 2.8],
			"from": [7.2, 5.8, 2.6],
			"rotation": {"angle": 0, "axis": "y", "origin": [8, 5, 8]}
		},
		{
			"faces": {
				"north": {"uv": [9.25, 2.5, 9.5, 2.75], "texture": "#0"},
				"east": {"uv": [7.75, 3.25, 8.75, 3.5], "texture": "#0"},
				"south": {"uv": [9.25, 2.75, 9.5, 3], "texture": "#0"},
				"west": {"uv": [8.25, 2, 9.25, 2.25], "texture": "#0"},
				"up": {"uv": [2.5, 9.5, 2.25, 8.5], "texture": "#0"},
				"down": {"uv": [2.75, 8.5, 2.5, 9.5], "texture": "#0"}
			},
			"to": [7.2, 5.6, 3],
			"from": [6.8, 5.2, 1.6],
			"rotation": {"angle": -22.5, "axis": "y", "origin": [7, 5.6, 2.2]}
		},
		{
			"faces": {
				"north": {"uv": [9.25, 3, 9.5, 3.25], "texture": "#0"},
				"east": {"uv": [2.75, 8.5, 3.75, 8.75], "texture": "#0"},
				"south": {"uv": [9.25, 3.25, 9.5, 3.5], "texture": "#0"},
				"west": {"uv": [3.75, 8.5, 4.75, 8.75], "texture": "#0"},
				"up": {"uv": [5, 9.5, 4.75, 8.5], "texture": "#0"},
				"down": {"uv": [5.25, 8.5, 5, 9.5], "texture": "#0"}
			},
			"to": [8.8, 5.6, 3],
			"from": [8.4, 5.2, 1.6],
			"rotation": {"angle": 22.5, "axis": "y", "origin": [8.6, 5.4, 2.2]}
		},
		{
			"faces": {
				"north": {"uv": [3.75, 9.25, 4, 9.5], "texture": "#0"},
				"east": {"uv": [4, 9.25, 4.25, 9.5], "texture": "#0"},
				"south": {"uv": [4.25, 9.25, 4.5, 9.5], "texture": "#0"},
				"west": {"uv": [4.5, 9.25, 4.75, 9.5], "texture": "#0"},
				"up": {"uv": [9.5, 5.25, 9.25, 5], "texture": "#0"},
				"down": {"uv": [9.5, 5.25, 9.25, 5.5], "texture": "#0"}
			},
			"to": [7.4, 7.2, 2.8],
			"from": [7, 6.8, 2.6],
			"rotation": {"angle": 0, "axis": "y", "origin": [8, 5, 8]}
		},
		{
			"faces": {
				"north": {"uv": [9.25, 5.5, 9.5, 5.75], "texture": "#0"},
				"east": {"uv": [5.75, 9.25, 6, 9.5], "texture": "#0"},
				"south": {"uv": [9.25, 5.75, 9.5, 6], "texture": "#0"},
				"west": {"uv": [6, 9.25, 6.25, 9.5], "texture": "#0"},
				"up": {"uv": [9.5, 6.25, 9.25, 6], "texture": "#0"},
				"down": {"uv": [9.5, 6.25, 9.25, 6.5], "texture": "#0"}
			},
			"to": [8.6, 7.2, 2.8],
			"from": [8.2, 6.8, 2.6],
			"rotation": {"angle": 0, "axis": "y", "origin": [8, 5, 8]}
		},
		{
			"faces": {
				"north": {"uv": [6.25, 0, 7.75, 1], "texture": "#0"},
				"east": {"uv": [6.25, 1, 7.75, 2], "texture": "#0"},
				"south": {"uv": [6.25, 2, 7.75, 3], "texture": "#0"},
				"west": {"uv": [5.75, 7, 7.25, 8], "texture": "#0"},
				"up": {"uv": [1.5, 7.5, 0, 6], "texture": "#0"},
				"down": {"uv": [3, 6, 1.5, 7.5], "texture": "#0"}
			},
			"to": [9, 6.6, 8],
			"from": [6.6, 5.2, 5.6],
			"rotation": {"angle": 0, "axis": "y", "origin": [8, 5, 8]}
		},
		{
			"faces": {
				"north": {"uv": [0, 0, 2.25, 2], "texture": "#0"},
				"east": {"uv": [4, 4, 2, 6], "texture": "#0"},
				"south": {"uv": [0, 2, 2.25, 4], "texture": "#0"},
				"west": {"uv": [2, 4, 4, 6], "texture": "#0"},
				"up": {"uv": [4.5, 2, 2.25, 0], "texture": "#0"},
				"down": {"uv": [4.5, 2, 2.25, 4], "texture": "#0"}
			},
			"to": [9.6, 8.2, 11.2],
			"from": [6, 5, 8],
			"rotation": {"angle": 0, "axis": "y", "origin": [8, 5, 8]}
		}
	],
	"display": {
		"head": {
			"translation": [0, 5.6, 0],
			"scale": [4, 4, 4],
			"rotation": [0, 0, 0]
		}
	}
}