{
	"__credit": "Generated using Animated Java (https://animated-java.dev/)",
	"textures": {
		"0": "minecraft:item/spider_safe"
	},
	"elements": [
		{
			"faces": {
				"north": {"uv": [3, 7.5, 4.5, 8], "texture": "#0"},
				"east": {"uv": [8.75, 5.5, 9.25, 6], "texture": "#0"},
				"south": {"uv": [7.5, 3.5, 9, 4], "texture": "#0"},
				"west": {"uv": [8.75, 7, 9.25, 7.5], "texture": "#0"},
				"up": {"uv": [9, 4.5, 7.5, 4], "texture": "#0"},
				"down": {"uv": [9, 4.5, 7.5, 5], "texture": "#0"}
			},
			"to": [10.65068, 5.5534, 8.4],
			"from": [8.25068, 4.7534, 7.6],
			"rotation": {"angle": 22.5, "axis": "z", "origin": [9.05068, 3.7534, 8]}
		},
		{
			"faces": {
				"north": {"uv": [8.25, 0.5, 9.25, 1], "texture": "#0"},
				"east": {"uv": [1.25, 9, 1.75, 9.5], "texture": "#0"},
				"south": {"uv": [8.25, 1, 9.25, 1.5], "texture": "#0"},
				"west": {"uv": [1.75, 9, 2.25, 9.5], "texture": "#0"},
				"up": {"uv": [9.25, 2, 8.25, 1.5], "texture": "#0"},
				"down": {"uv": [2.25, 8.5, 1.25, 9], "texture": "#0"}
			},
			"to": [10.97519, 5.53566, 8.3],
			"from": [9.37519, 4.93566, 7.7],
			"rotation": {"angle": -22.5, "axis": "z", "origin": [10.17519, 4.43566, 8]}
		},
		{
			"faces": {
				"north": {"uv": [0, 8, 0.25, 10.25], "texture": "#0"},
				"east": {"uv": [8, 0, 8.25, 2.25], "texture": "#0"},
				"south": {"uv": [0.25, 8, 0.5, 10.25], "texture": "#0"},
				"west": {"uv": [0.5, 8, 0.75, 10.25], "texture": "#0"},
				"up": {"uv": [9.5, 8.5, 9.25, 8.25], "texture": "#0"},
				"down": {"uv": [8.75, 9.25, 8.5, 9.5], "texture": "#0"}
			},
			"to": [11.87987, 4.99572, 8.2],
			"from": [11.47987, 1.39572, 7.8],
			"rotation": {"angle": 22.5, "axis": "z", "origin": [11.27987, 3.19572, 8]}
		}
	],
	"display": {
		"head": {
			"translation": [0, 5.6, 0],
			"scale": [4, 4, 4],
			"rotation": [0, 0, 0]
		}
	}
}