{
	"__credit": "Generated using Animated Java (https://animated-java.dev/)",
	"textures": {
		"0": "minecraft:item/spider_safe"
	},
	"elements": [
		{
			"faces": {
				"north": {"uv": [4.5, 3.5, 5.75, 4], "texture": "#0"},
				"east": {"uv": [8.5, 6.5, 9, 7], "texture": "#0"},
				"south": {"uv": [4.5, 7.5, 5.75, 8], "texture": "#0"},
				"west": {"uv": [8, 8.5, 8.5, 9], "texture": "#0"},
				"up": {"uv": [8.75, 5.5, 7.5, 5], "texture": "#0"},
				"down": {"uv": [8.75, 5.5, 7.5, 6], "texture": "#0"}
			},
			"to": [10.2, 4.8, 8.3],
			"from": [8.2, 4.2, 7.7],
			"rotation": {"angle": -22.5, "axis": "z", "origin": [9.2, 4, 8]}
		},
		{
			"faces": {
				"north": {"uv": [7.5, 6.5, 8.5, 7], "texture": "#0"},
				"east": {"uv": [8.5, 8.5, 9, 9], "texture": "#0"},
				"south": {"uv": [7.75, 2.25, 8.75, 2.75], "texture": "#0"},
				"west": {"uv": [8.75, 2.25, 9.25, 2.75], "texture": "#0"},
				"up": {"uv": [8.75, 3.25, 7.75, 2.75], "texture": "#0"},
				"down": {"uv": [1.75, 8, 0.75, 8.5], "texture": "#0"}
			},
			"to": [9, 5.2, 8.4],
			"from": [7.4, 4.4, 7.6],
			"rotation": {"angle": 0, "axis": "z", "origin": [9.2, 4.8, 8]}
		},
		{
			"faces": {
				"north": {"uv": [2.75, 8.75, 3, 9.75], "texture": "#0"},
				"east": {"uv": [3, 8.75, 3.25, 9.75], "texture": "#0"},
				"south": {"uv": [3.25, 8.75, 3.5, 9.75], "texture": "#0"},
				"west": {"uv": [3.5, 8.75, 3.75, 9.75], "texture": "#0"},
				"up": {"uv": [9.5, 7.5, 9.25, 7.25], "texture": "#0"},
				"down": {"uv": [8.25, 9.25, 8, 9.5], "texture": "#0"}
			},
			"to": [10.6391, 4.69657, 8.2],
			"from": [10.2391, 2.99657, 7.8],
			"rotation": {"angle": 22.5, "axis": "z", "origin": [11.2391, 3.69657, 8]}
		}
	],
	"display": {
		"head": {
			"translation": [0, 5.6, 0],
			"scale": [4, 4, 4],
			"rotation": [0, 0, 0]
		}
	}
}