{
	"__credit": "Generated using Animated Java (https://animated-java.dev/)",
	"textures": {
		"0": "minecraft:item/spinner"
	},
	"elements": [
		{
			"faces": {
				"north": {"uv": [6, 0, 7.5, 2.5], "texture": "#0"},
				"east": {"uv": [1.5, 7, 2.5, 9.5], "texture": "#0"},
				"south": {"uv": [6, 2.5, 7.5, 5], "texture": "#0"},
				"west": {"uv": [2.5, 7, 3.5, 9.5], "texture": "#0"},
				"up": {"uv": [9, 2.5, 7.5, 1.5], "texture": "#0"},
				"down": {"uv": [9, 2.5, 7.5, 3.5], "texture": "#0"}
			},
			"to": [9.2, 7, 8.8],
			"from": [6.8, 3, 7.2],
			"rotation": {"angle": 0, "axis": "y", "origin": [8, 1, 8.4]}
		}
	],
	"display": {
		"head": {
			"translation": [0, 5.6, 0],
			"scale": [4, 4, 4],
			"rotation": [0, 0, 0]
		}
	}
}