{
	"__credit": "Generated using Animated Java (https://animated-java.dev/)",
	"textures": {
		"0": "minecraft:item/spinner"
	},
	"elements": [
		{
			"faces": {
				"north": {"uv": [8, 6, 8.25, 7.5], "texture": "#0"},
				"east": {"uv": [3.5, 7, 5, 8.5], "texture": "#0"},
				"south": {"uv": [8, 7.5, 8.25, 9], "texture": "#0"},
				"west": {"uv": [5, 7, 6.5, 8.5], "texture": "#0"},
				"up": {"uv": [8.5, 7.5, 8.25, 6], "texture": "#0"},
				"down": {"uv": [8.5, 7.5, 8.25, 9], "texture": "#0"}
			},
			"to": [3.2, 6.2, 9.2],
			"from": [2.8, 3.8, 6.8],
			"rotation": {"angle": 0, "axis": "y", "origin": [8, -2.6, 8.4]}
		},
		{
			"faces": {
				"north": {"uv": [0, 0, 6, 2], "texture": "#0"},
				"east": {"uv": [6, 5, 7.5, 7], "texture": "#0"},
				"south": {"uv": [0, 2, 6, 4], "texture": "#0"},
				"west": {"uv": [0, 7, 1.5, 9], "texture": "#0"},
				"up": {"uv": [6, 5.5, 0, 4], "texture": "#0"},
				"down": {"uv": [6, 5.5, 0, 7], "texture": "#0"}
			},
			"to": [12.8, 6.6, 9.2],
			"from": [3.2, 3.4, 6.8],
			"rotation": {"angle": 0, "axis": "y", "origin": [8, -2.6, 8.4]}
		},
		{
			"faces": {
				"north": {"uv": [3.5, 8.5, 3.75, 10], "texture": "#0"},
				"east": {"uv": [6.5, 7, 8, 8.5], "texture": "#0"},
				"south": {"uv": [8.5, 3.5, 8.75, 5], "texture": "#0"},
				"west": {"uv": [7.5, 0, 9, 1.5], "texture": "#0"},
				"up": {"uv": [4, 10, 3.75, 8.5], "texture": "#0"},
				"down": {"uv": [4.25, 8.5, 4, 10], "texture": "#0"}
			},
			"to": [13.2, 6.2, 9.2],
			"from": [12.8, 3.8, 6.8],
			"rotation": {"angle": 0, "axis": "y", "origin": [8, -2.6, 8.4]}
		}
	],
	"display": {
		"head": {
			"translation": [0, 5.6, 0],
			"scale": [4, 4, 4],
			"rotation": [0, 0, 0]
		}
	}
}