{
	"__credit": "Generated using Animated Java (https://animated-java.dev/)",
	"textures": {
		"0": "minecraft:item/ghost"
	},
	"elements": [
		{
			"faces": {
				"north": {"uv": [3, 0, 4.25, 1.875], "texture": "#0"},
				"east": {"uv": [5.5, 0, 4.25, 1.875], "texture": "#0"},
				"south": {"uv": [3, 3.75, 4.25, 5.625], "texture": "#0"},
				"west": {"uv": [4.25, 0, 5.5, 1.875], "texture": "#0"},
				"up": {"uv": [4.25, 6.875, 3, 5.625], "texture": "#0"},
				"down": {"uv": [1.25, 6, 0, 7.25], "texture": "#0"}
			},
			"to": [10, 11, 10.8],
			"from": [6, 5, 6.8],
			"rotation": {"angle": 0, "axis": "y", "origin": [8, 5, 8]}
		},
		{
			"faces": {
				"north": {"uv": [4.25, 1.875, 5.75, 3.375], "texture": "#0"},
				"east": {"uv": [4.25, 3.375, 5.75, 4.875], "texture": "#0"},
				"south": {"uv": [4.25, 4.875, 5.75, 6.375], "texture": "#0"},
				"west": {"uv": [5.5, 0, 7, 1.5], "texture": "#0"},
				"up": {"uv": [7.25, 3, 5.75, 1.5], "texture": "#0"},
				"down": {"uv": [7.25, 3, 5.75, 4.5], "texture": "#0"}
			},
			"to": [10.4, 15.8, 11.2],
			"from": [5.6, 11, 6.4],
			"rotation": {"angle": 0, "axis": "y", "origin": [8, 5, 8]}
		},
		{
			"faces": {
				"north": {"uv": [4.25, 1.875, 5.75, 3.375], "texture": "#0"},
				"east": {"uv": [4.25, 3.375, 5.75, 4.875], "texture": "#0"},
				"south": {"uv": [4.25, 4.875, 5.75, 6.375], "texture": "#0"},
				"west": {"uv": [5.5, 0, 7, 1.5], "texture": "#0"},
				"up": {"uv": [7.25, 3, 5.75, 1.5], "texture": "#0"},
				"down": {"uv": [7.25, 3, 5.75, 4.5], "texture": "#0"}
			},
			"to": [9.6, 15, 10.4],
			"from": [6.4, 11, 7.2],
			"rotation": {"angle": 0, "axis": "y", "origin": [8, 5, 8]}
		},
		{
			"faces": {
				"north": {"uv": [13.375, 0.75, 14, 1.5], "texture": "#0"},
				"east": {"uv": [12.25, 0.5, 11.75, 1.25], "texture": "#0"},
				"south": {"uv": [9, 0.875, 9.5, 1.5], "texture": "#0"},
				"west": {"uv": [11.75, 0.5, 12.25, 1.25], "texture": "#0"},
				"up": {"uv": [12.25, 1.25, 12.75, 1.75], "texture": "#0"},
				"down": {"uv": [10.375, 0.875, 10.875, 1.375], "texture": "#0"}
			},
			"to": [8.8, 12.6, 9.6],
			"from": [7.2, 10.6, 8],
			"rotation": {"angle": 0, "axis": "y", "origin": [8, 5, 8]}
		},
		{
			"faces": {
				"north": {"uv": [2.75, 6, 2.25, 6.875], "texture": "#0"},
				"east": {"uv": [8.125, 5.375, 5.75, 6.25], "texture": "#0"},
				"south": {"uv": [6.25, 6.25, 5.75, 7.125], "texture": "#0"},
				"west": {"uv": [8.125, 4.5, 5.75, 5.375], "texture": "#0"},
				"up": {"uv": [1.25, 8.375, 1.75, 6], "texture": "#0"},
				"down": {"uv": [2.25, 6, 1.75, 8.375], "texture": "#0"}
			},
			"to": [6, 11, 10.8],
			"from": [4.4, 8.2, 3.2],
			"rotation": {"angle": 0, "axis": "x", "origin": [4.4, 9.6, 7]}
		},
		{
			"faces": {
				"north": {"uv": [2.25, 6, 2.75, 6.875], "texture": "#0"},
				"east": {"uv": [5.75, 4.5, 8.125, 5.375], "texture": "#0"},
				"south": {"uv": [5.75, 6.25, 6.25, 7.125], "texture": "#0"},
				"west": {"uv": [5.75, 5.375, 8.125, 6.25], "texture": "#0"},
				"up": {"uv": [1.75, 8.375, 1.25, 6], "texture": "#0"},
				"down": {"uv": [2.25, 6, 1.75, 8.375], "texture": "#0"}
			},
			"to": [11.6, 11, 10.8],
			"from": [10, 8.2, 3.2],
			"rotation": {"angle": 0, "axis": "y", "origin": [8, 5, 8]}
		}
	],
	"display": {
		"head": {
			"translation": [0, 5.6, 0],
			"scale": [4, 4, 4],
			"rotation": [0, 0, 0]
		}
	}
}