{
	"__credit": "Generated using Animated Java (https://animated-java.dev/)",
	"textures": {
		"0": "minecraft:item/ghost"
	},
	"elements": [
		{
			"faces": {
				"north": {"uv": [0, 0, 3, 0], "texture": "#0"},
				"east": {"uv": [0, 0, 3, 0], "texture": "#0"},
				"south": {"uv": [0, 0, 3, 0], "texture": "#0"},
				"west": {"uv": [0, 0, 3, 0], "texture": "#0"},
				"up": {"uv": [3, 3, 0, 0], "rotation": 270, "texture": "#0"},
				"down": {"uv": [3, 3, 0, 6], "rotation": 90, "texture": "#0"}
			},
			"to": [13.03431, 5, 12.23431],
			"from": [3.43431, 5, 2.63431],
			"rotation": {"angle": -45, "axis": "y", "origin": [7.43431, 3.8, 7.43431]}
		}
	],
	"display": {
		"head": {
			"translation": [0, 5.6, 0],
			"scale": [4, 4, 4],
			"rotation": [0, 0, 0]
		}
	}
}